id;isActive;balance;picture;age;eyeColor;name;gender;company;email;phone;address;about;registered;latitude;longitude
0;1;1043.10;"http://placehold.it/32x32";27;"blue";"Graves Cash";"male";"PEARLESEX";"gravescash@pearlesex.com";"+1 (875) 461-2544";"310 Otsego Street, Charco, Montana, 9816";"Cupidatat commodo qui excepteur veniam sint fugiat sint. Mollit ullamco magna nulla aute. Ipsum eiusmod magna quis excepteur qui ullamco consectetur excepteur voluptate aute est cupidatat.
";2015-07-30T12:57:35;34.726807;-85.336097
1;0;3080.60;"http://placehold.it/32x32";21;"blue";"Krystal Hunter";"female";"NETPLODE";"krystalhunter@netplode.com";"+1 (921) 574-2049";"457 Greenpoint Avenue, Fairacres, Arizona, 3270";"Et qui est aliquip amet occaecat do fugiat proident aute. Pariatur deserunt aute laboris et dolore do amet minim. Cillum cupidatat velit dolor amet mollit consequat culpa cillum do officia ullamco consequat incididunt.
";2023-05-22T09:18:56;20.799399;-171.53923
2;0;1567.90;"http://placehold.it/32x32";27;"brown";"Ortega Lambert";"male";"ENDICIL";"ortegalambert@endicil.com";"+1 (880) 522-2121";"723 Irving Street, Kohatk, American Samoa, 3200";"Cupidatat commodo qui excepteur veniam sint fugiat sint. Mollit ullamco magna nulla aute. Ipsum eiusmod magna quis excepteur qui ullamco consectetur excepteur voluptate aute est cupidatat.
";2021-06-08T06:59:22;-17.754622;170.009445
3;1;1043.10;"http://placehold.it/32x32";29;"green";"Gayle Butler";"female";"ZILPHUR";"gaylebutler@zilphur.com";"+1 (918) 438-3106";"447 George Street, Gorham, Louisiana, 9660";"Et qui est aliquip amet occaecat do fugiat proident aute. Pariatur deserunt aute laboris et dolore do amet minim. Cillum cupidatat velit dolor amet mollit consequat culpa cillum do officia ullamco consequat incididunt.
";2018-01-15T09:43:24;86.857977;-46.104213
4;0;1043.10;"http://placehold.it/32x32";20;"green";"Albert Boyd";"male";"QOT";"albertboyd@qot.com";"+1 (955) 487-2888";"895 Newton Street, Lowell, Mississippi, 1351";"Cupidatat commodo qui excepteur veniam sint fugiat sint. Mollit ullamco magna nulla aute. Ipsum eiusmod magna quis excepteur qui ullamco consectetur excepteur voluptate aute est cupidatat.
";2017-06-04T09:17:50;-53.262322;128.563803
5;0;3080.61;"http://placehold.it/32x32";22;"blue";"Rowe Valencia";"male";"ISOTRONIC";"rowevalencia@isotronic.com";"+1 (863) 573-2036";"464 Sandford Street, Ruckersville, Iowa, 5063";"Et qui est aliquip amet occaecat do fugiat proident aute. Pariatur deserunt aute laboris et dolore do amet minim. Cillum cupidatat velit dolor amet mollit consequat culpa cillum do officia ullamco consequat incididunt.
";2022-04-05T02:35:07;-10.230053;11.852155
6;0;1567.91;"http://placehold.it/32x32";33;"green";"Beasley Jennings";"male";"OCEANICA";"beasleyjennings@oceanica.com";"+1 (979) 586-2597";"615 Fleet Walk, Caledonia, Kansas, 996";"Et qui est aliquip amet occaecat do fugiat proident aute. Pariatur deserunt aute laboris et dolore do amet minim. Cillum cupidatat velit dolor amet mollit consequat culpa cillum do officia ullamco consequat incididunt.
";2022-05-20T02:55:51;-49.251273;-132.949297
7;0;1043.10;"http://placehold.it/32x32";34;"green";"James Battle";"female";"MEDCOM";"jamesbattle@medcom.com";"+1 (903) 573-2249";"313 Schermerhorn Street, Williston, Oregon, 4316";"Cupidatat commodo qui excepteur veniam sint fugiat sint. Mollit ullamco magna nulla aute. Ipsum eiusmod magna quis excepteur qui ullamco consectetur excepteur voluptate aute est cupidatat.
";2020-07-01T01:31:21;-11.782087;-67.251021
8;0;1043.10;"http://placehold.it/32x32";32;"brown";"Bettie Bentley";"female";"ZENSURE";"bettiebentley@zensure.com";"+1 (989) 416-3100";"680 Truxton Street, Camas, Guam, 1898";"Cupidatat commodo qui excepteur veniam sint fugiat sint. Mollit ullamco magna nulla aute. Ipsum eiusmod magna quis excepteur qui ullamco consectetur excepteur voluptate aute est cupidatat.
";2018-09-07T04:01:55;-77.966575;-157.452347
9;1;3080.62;"http://placehold.it/32x32";25;"brown";"Blankenship French";"male";"BULLJUICE";"blankenshipfrench@bulljuice.com";"+1 (850) 520-2918";"371 Laurel Avenue, Nanafalia, West Virginia, 2578";"Cupidatat commodo qui excepteur veniam sint fugiat sint. Mollit ullamco magna nulla aute. Ipsum eiusmod magna quis excepteur qui ullamco consectetur excepteur voluptate aute est cupidatat.
";2014-07-19T11:52:28;35.688671;-101.63708
10;1;1567.92;"http://placehold.it/32x32";22;"blue";"Mullen Estes";"male";"QUONATA";"mullenestes@quonata.com";"+1 (887) 462-3421";"242 Debevoise Street, Lavalette, Virginia, 2387";"Et qui est aliquip amet occaecat do fugiat proident aute. Pariatur deserunt aute laboris et dolore do amet minim. Cillum cupidatat velit dolor amet mollit consequat culpa cillum do officia ullamco consequat incididunt.
";2018-04-13T02:57:24;24.014375;-168.807948
11;1;1043.10;"http://placehold.it/32x32";21;"blue";"Stuart Pope";"male";"GEEKUS";"stuartpope@geekus.com";"+1 (922) 511-2357";"825 Linwood Street, Hamilton, Maine, 4150";"Cupidatat commodo qui excepteur veniam sint fugiat sint. Mollit ullamco magna nulla aute. Ipsum eiusmod magna quis excepteur qui ullamco consectetur excepteur voluptate aute est cupidatat.
";2018-05-18T02:25:21;-51.907401;169.262781
12;1;1043.10;"http://placehold.it/32x32";21;"green";"Eve Schneider";"female";"ZOSIS";"eveschneider@zosis.com";"+1 (829) 512-2645";"457 Garden Place, Robinette, Puerto Rico, 1595";"Et qui est aliquip amet occaecat do fugiat proident aute. Pariatur deserunt aute laboris et dolore do amet minim. Cillum cupidatat velit dolor amet mollit consequat culpa cillum do officia ullamco consequat incididunt.
";2020-03-18T09:49:32;39.633735;-155.674974
13;1;3080.63;"http://placehold.it/32x32";36;"green";"Debora England";"female";"FIBEROX";"deboraengland@fiberox.com";"+1 (836) 494-2598";"684 Hunterfly Place, Ribera, Wisconsin, 3615";"Cupidatat commodo qui excepteur veniam sint fugiat sint. Mollit ullamco magna nulla aute. Ipsum eiusmod magna quis excepteur qui ullamco consectetur excepteur voluptate aute est cupidatat.
";2023-03-06T01:59:24;57.903921;70.793226
14;1;1567.93;"http://placehold.it/32x32";38;"green";"Lara Hendrix";"male";"UNIWORLD";"larahendrix@uniworld.com";"+1 (905) 558-2017";"835 Bergen Street, Vicksburg, California, 7427";"Et qui est aliquip amet occaecat do fugiat proident aute. Pariatur deserunt aute laboris et dolore do amet minim. Cillum cupidatat velit dolor amet mollit consequat culpa cillum do officia ullamco consequat incididunt.
";2015-06-19T05:23:17;44.790616;89.855863
15;0;1043.10;"http://placehold.it/32x32";40;"brown";"Theresa Gamble";"female";"PURIA";"theresagamble@puria.com";"+1 (987) 492-2475";"373 Garfield Place, Sutton, Maryland, 2275";"Et qui est aliquip amet occaecat do fugiat proident aute. Pariatur deserunt aute laboris et dolore do amet minim. Cillum cupidatat velit dolor amet mollit consequat culpa cillum do officia ullamco consequat incididunt.
";2016-01-19T07:13:29;-1.256838;-17.648754
16;0;1043.10;"http://placehold.it/32x32";36;"green";"Cristina Copeland";"female";"ORBALIX";"cristinacopeland@orbalix.com";"+1 (863) 515-2299";"405 Jerome Avenue, Hayden, Nevada, 6062";"Cupidatat commodo qui excepteur veniam sint fugiat sint. Mollit ullamco magna nulla aute. Ipsum eiusmod magna quis excepteur qui ullamco consectetur excepteur voluptate aute est cupidatat.
";2015-06-29T06:07:42;-28.589415;-139.267829
17;1;1043.10;"http://placehold.it/32x32";24;"brown";"Liz Wright";"female";"MAINELAND";"lizwright@maineland.com";"+1 (869) 519-2929";"689 Taylor Street, Lutsen, Palau, 7558";"Cupidatat commodo qui excepteur veniam sint fugiat sint. Mollit ullamco magna nulla aute. Ipsum eiusmod magna quis excepteur qui ullamco consectetur excepteur voluptate aute est cupidatat.
";2021-07-25T07:49:44;-78.625008;36.328964
18;0;1043.10;"http://placehold.it/32x32";31;"brown";"Little Thomas";"male";"EARTHWAX";"littlethomas@earthwax.com";"+1 (963) 488-3455";"243 Wallabout Street, Loma, Connecticut, 4384";"In minim occaecat dolore aute nostrud magna consequat aute adipisicing reprehenderit fugiat minim sit laboris. Enim ipsum reprehenderit commodo excepteur fugiat sunt nisi velit. Reprehenderit nulla aute anim velit eu.
";2014-08-29T10:01:59;-61.58375;-144.19426
19;0;3080.62;"http://placehold.it/32x32";26;"brown";"Smith Vincent";"male";"LYRIA";"smithvincent@lyria.com";"+1 (931) 455-2596";"754 Granite Street, Aberdeen, North Dakota, 550";"Cupidatat commodo qui excepteur veniam sint fugiat sint. Mollit ullamco magna nulla aute. Ipsum eiusmod magna quis excepteur qui ullamco consectetur excepteur voluptate aute est cupidatat.
";2017-11-14T10:15:19;-44.785142;58.33932
20;0;1567.92;"http://placehold.it/32x32";23;"blue";"Ann Avila";"female";"UXMOX";"annavila@uxmox.com";"+1 (872) 447-3592";"227 Varick Avenue, Sexton, Rhode Island, 6237";"Et qui est aliquip amet occaecat do fugiat proident aute. Pariatur deserunt aute laboris et dolore do amet minim. Cillum cupidatat velit dolor amet mollit consequat culpa cillum do officia ullamco consequat incididunt.
";2020-02-19T10:48:34;60.183665;179.59637
21;0;1043.10;"http://placehold.it/32x32";37;"blue";"Wilder Whitley";"male";"SNIPS";"wilderwhitley@snips.com";"+1 (873) 444-2334";"473 Doscher Street, Mathews, Pennsylvania, 3649";"Cupidatat commodo qui excepteur veniam sint fugiat sint. Mollit ullamco magna nulla aute. Ipsum eiusmod magna quis excepteur qui ullamco consectetur excepteur voluptate aute est cupidatat.
";2018-04-16T07:52:15;-54.278334;-40.777079
22;0;1043.10;"http://placehold.it/32x32";40;"green";"Oneal Colon";"male";"PETIGEMS";"onealcolon@petigems.com";"+1 (957) 424-2253";"487 Harway Avenue, Madrid, Missouri, 5808";"Et qui est aliquip amet occaecat do fugiat proident aute. Pariatur deserunt aute laboris et dolore do amet minim. Cillum cupidatat velit dolor amet mollit consequat culpa cillum do officia ullamco consequat incididunt.
";2019-05-03T07:15:42;-24.27037;-27.536532
23;1;3080.63;"http://placehold.it/32x32";38;"green";"Booth Atkins";"male";"PLASMOSIS";"boothatkins@plasmosis.com";"+1 (989) 525-2255";"405 Canarsie Road, Henrietta, Alabama, 5632";"Cupidatat commodo qui excepteur veniam sint fugiat sint. Mollit ullamco magna nulla aute. Ipsum eiusmod magna quis excepteur qui ullamco consectetur excepteur voluptate aute est cupidatat.
";2020-08-17T08:33:35;82.913187;42.433403
24;1;1567.93;"http://placehold.it/32x32";21;"green";"Mccoy Albert";"male";"WRAPTURE";"mccoyalbert@wrapture.com";"+1 (948) 515-3498";"331 Emmons Avenue, Golconda, Nebraska, 6442";"Et qui est aliquip amet occaecat do fugiat proident aute. Pariatur deserunt aute laboris et dolore do amet minim. Cillum cupidatat velit dolor amet mollit consequat culpa cillum do officia ullamco consequat incididunt.
";2021-11-27T12:28:38;-49.023712;52.618982
25;1;1043.10;"http://placehold.it/32x32";37;"green";"Hodges Walsh";"male";"BIOHAB";"hodgeswalsh@biohab.com";"+1 (818) 563-2914";"448 Dare Court, Winchester, Oklahoma, 2294";"Et qui est aliquip amet occaecat do fugiat proident aute. Pariatur deserunt aute laboris et dolore do amet minim. Cillum cupidatat velit dolor amet mollit consequat culpa cillum do officia ullamco consequat incididunt.
";2021-08-14T03:23:17;-71.327956;75.455994
26;1;1043.10;"http://placehold.it/32x32";22;"green";"Faith Edwards";"female";"GEEKMOSIS";"faithedwards@geekmosis.com";"+1 (881) 586-2805";"162 Seagate Avenue, Soham, Florida, 5172";"Cupidatat commodo qui excepteur veniam sint fugiat sint. Mollit ullamco magna nulla aute. Ipsum eiusmod magna quis excepteur qui ullamco consectetur excepteur voluptate aute est cupidatat.
";2022-10-20T02:36:27;42.616892;97.306237
27;1;3080.64;"http://placehold.it/32x32";21;"green";"Denise Swanson";"female";"ANIXANG";"deniseswanson@anixang.com";"+1 (980) 495-2751";"685 Essex Street, Healy, Hawaii, 5030";"Cupidatat commodo qui excepteur veniam sint fugiat sint. Mollit ullamco magna nulla aute. Ipsum eiusmod magna quis excepteur qui ullamco consectetur excepteur voluptate aute est cupidatat.
";2019-04-05T11:07:17;-13.967224;87.759205
28;1;1567.94;"http://placehold.it/32x32";36;"green";"Kelly Hood";"male";"ROUGHIES";"kellyhood@roughies.com";"+1 (921) 572-2679";"670 Cox Place, Edgar, Minnesota, 5120";"Et qui est aliquip amet occaecat do fugiat proident aute. Pariatur deserunt aute laboris et dolore do amet minim. Cillum cupidatat velit dolor amet mollit consequat culpa cillum do officia ullamco consequat incididunt.
";2015-05-11T10:26:40;-72.748049;-74.919272
29;0;1043.10;"http://placehold.it/32x32";26;"blue";"Yvonne Moses";"female";"PARLEYNET";"yvonnemoses@parleynet.com";"+1 (840) 553-3290";"500 Ainslie Street, Rivereno, Vermont, 8377";"Cupidatat commodo qui excepteur veniam sint fugiat sint. Mollit ullamco magna nulla aute. Ipsum eiusmod magna quis excepteur qui ullamco consectetur excepteur voluptate aute est cupidatat.
";2023-08-12T03:59:55;-29.806611;109.650614
30;0;1043.10;"http://placehold.it/32x32";39;"green";"Lily Foley";"female";"FREAKIN";"lilyfoley@freakin.com";"+1 (969) 415-3224";"728 Portland Avenue, Fairforest, New Jersey, 1187";"Et qui est aliquip amet occaecat do fugiat proident aute. Pariatur deserunt aute laboris et dolore do amet minim. Cillum cupidatat velit dolor amet mollit consequat culpa cillum do officia ullamco consequat incididunt.
";2016-01-01T06:37:14;87.30927;-136.235457
31;1;3080.65;"http://placehold.it/32x32";38;"blue";"Teri Chan";"female";"INTERFIND";"terichan@interfind.com";"+1 (808) 567-2990";"846 Church Lane, Boonville, Arkansas, 8223";"Cupidatat commodo qui excepteur veniam sint fugiat sint. Mollit ullamco magna nulla aute. Ipsum eiusmod magna quis excepteur qui ullamco consectetur excepteur voluptate aute est cupidatat.
";2024-02-24T09:17:47;89.822528;53.473792
32;0;1567.95;"http://placehold.it/32x32";39;"blue";"Penelope Witt";"female";"CHILLIUM";"penelopewitt@chillium.com";"+1 (927) 586-3741";"354 Aviation Road, Caron, District Of Columbia, 3737";"Et qui est aliquip amet occaecat do fugiat proident aute. Pariatur deserunt aute laboris et dolore do amet minim. Cillum cupidatat velit dolor amet mollit consequat culpa cillum do officia ullamco consequat incididunt.
";2017-07-16T01:26:12;61.734009;36.131034
33;0;1043.10;"http://placehold.it/32x32";22;"brown";"Helena Lynn";"female";"CORPULSE";"helenalynn@corpulse.com";"+1 (887) 595-3085";"850 Bay Avenue, Fostoria, Georgia, 1330";"Et qui est aliquip amet occaecat do fugiat proident aute. Pariatur deserunt aute laboris et dolore do amet minim. Cillum cupidatat velit dolor amet mollit consequat culpa cillum do officia ullamco consequat incididunt.
";2021-09-11T03:50:16;-2.933177;-41.434565
34;0;1043.10;"http://placehold.it/32x32";34;"blue";"Grimes Jarvis";"male";"GEEKWAGON";"grimesjarvis@geekwagon.com";"+1 (963) 482-2048";"334 Navy Walk, Graniteville, Idaho, 8973";"Cupidatat commodo qui excepteur veniam sint fugiat sint. Mollit ullamco magna nulla aute. Ipsum eiusmod magna quis excepteur qui ullamco consectetur excepteur voluptate aute est cupidatat.
";2020-01-19T09:46:40;-89.192485;29.138708
35;0;3080.66;"http://placehold.it/32x32";27;"brown";"Le Ochoa";"male";"OHMNET";"leochoa@ohmnet.com";"+1 (878) 549-2929";"720 Union Street, Gloucester, Tennessee, 2052";"Cupidatat commodo qui excepteur veniam sint fugiat sint. Mollit ullamco magna nulla aute. Ipsum eiusmod magna quis excepteur qui ullamco consectetur excepteur voluptate aute est cupidatat.
";2018-11-06T04:40:31;-29.042298;70.016195
36;0;1567.96;"http://placehold.it/32x32";27;"blue";"Elvia Dickson";"female";"ACCEL";"elviadickson@accel.com";"+1 (949) 574-3938";"529 Neptune Avenue, Deseret, Marshall Islands, 1045";"Et qui est aliquip amet occaecat do fugiat proident aute. Pariatur deserunt aute laboris et dolore do amet minim. Cillum cupidatat velit dolor amet mollit consequat culpa cillum do officia ullamco consequat incididunt.
";2024-05-17T09:06:43;19.533116;-177.497374
37;1;1043.10;"http://placehold.it/32x32";24;"blue";"Evangeline Goodwin";"female";"TECHTRIX";"evangelinegoodwin@techtrix.com";"+1 (934) 584-2631";"434 Lefferts Avenue, Orick, Massachusetts, 8058";"Et qui est aliquip amet occaecat do fugiat proident aute. Pariatur deserunt aute laboris et dolore do amet minim. Cillum cupidatat velit dolor amet mollit consequat culpa cillum do officia ullamco consequat incididunt.
";2015-01-28T06:44:50;2.145317;-170.98771
38;1;1043.10;"http://placehold.it/32x32";29;"brown";"Kirsten Vazquez";"female";"SONGBIRD";"kirstenvazquez@songbird.com";"+1 (801) 486-3914";"420 Tiffany Place, Ripley, Indiana, 1818";"Cupidatat commodo qui excepteur veniam sint fugiat sint. Mollit ullamco magna nulla aute. Ipsum eiusmod magna quis excepteur qui ullamco consectetur excepteur voluptate aute est cupidatat.
";2017-04-08T04:22:12;-85.402569;-86.782936
39;1;3080.67;"http://placehold.it/32x32";40;"brown";"Pauline Solis";"female";"HINWAY";"paulinesolis@hinway.com";"+1 (976) 463-2237";"843 Meserole Street, Salunga, Utah, 553";"Cupidatat commodo qui excepteur veniam sint fugiat sint. Mollit ullamco magna nulla aute. Ipsum eiusmod magna quis excepteur qui ullamco consectetur excepteur voluptate aute est cupidatat.
";2022-09-28T02:43:37;-84.679462;-158.242318
40;1;1567.97;"http://placehold.it/32x32";30;"brown";"Lawson Tyson";"male";"ILLUMITY";"lawsontyson@illumity.com";"+1 (937) 470-2474";"631 Nova Court, Broadlands, Illinois, 223";"Et qui est aliquip amet occaecat do fugiat proident aute. Pariatur deserunt aute laboris et dolore do amet minim. Cillum cupidatat velit dolor amet mollit consequat culpa cillum do officia ullamco consequat incididunt.
";2022-03-20T06:46:38;57.838434;-108.247986
41;1;1043.10;"http://placehold.it/32x32";31;"blue";"Bianca Mccormick";"female";"DIGIRANG";"biancamccormick@digirang.com";"+1 (826) 462-2854";"825 Mermaid Avenue, Taft, Michigan, 5735";"Cupidatat commodo qui excepteur veniam sint fugiat sint. Mollit ullamco magna nulla aute. Ipsum eiusmod magna quis excepteur qui ullamco consectetur excepteur voluptate aute est cupidatat.
";2021-01-08T11:36:30;3.748579;154.38687
42;1;1043.10;"http://placehold.it/32x32";36;"green";"Callahan Gallagher";"male";"RETROTEX";"callahangallagher@retrotex.com";"+1 (872) 600-3357";"463 Varet Street, Falconaire, South Carolina, 6954";"Et qui est aliquip amet occaecat do fugiat proident aute. Pariatur deserunt aute laboris et dolore do amet minim. Cillum cupidatat velit dolor amet mollit consequat culpa cillum do officia ullamco consequat incididunt.
";2021-12-23T12:18:27;3.061336;56.163037
43;0;3080.68;"http://placehold.it/32x32";32;"brown";"Thompson Guerra";"male";"CHORIZON";"thompsonguerra@chorizon.com";"+1 (992) 546-2929";"714 Lawrence Avenue, Sunnyside, Alaska, 3408";"Cupidatat commodo qui excepteur veniam sint fugiat sint. Mollit ullamco magna nulla aute. Ipsum eiusmod magna quis excepteur qui ullamco consectetur excepteur voluptate aute est cupidatat.
";2022-06-19T03:25:58;11.597326;24.381056
44;0;1567.98;"http://placehold.it/32x32";34;"brown";"Irene Beach";"female";"ACCUFARM";"irenebeach@accufarm.com";"+1 (831) 446-2541";"828 Duryea Place, Lawrence, Kentucky, 3892";"Et qui est aliquip amet occaecat do fugiat proident aute. Pariatur deserunt aute laboris et dolore do amet minim. Cillum cupidatat velit dolor amet mollit consequat culpa cillum do officia ullamco consequat incididunt.
";2017-07-05T12:31:01;87.234888;-103.193783
45;1;1043.10;"http://placehold.it/32x32";26;"brown";"Rowena Sexton";"female";"KAGGLE";"rowenasexton@kaggle.com";"+1 (883) 413-2203";"155 Meeker Avenue, Barrelville, New Mexico, 8399";"Et qui est aliquip amet occaecat do fugiat proident aute. Pariatur deserunt aute laboris et dolore do amet minim. Cillum cupidatat velit dolor amet mollit consequat culpa cillum do officia ullamco consequat incididunt.
";2015-09-23T07:51:53;33.548767;-169.946159
46;0;1043.10;"http://placehold.it/32x32";33;"green";"Misty Bridges";"female";"UPLINX";"mistybridges@uplinx.com";"+1 (849) 434-3894";"889 Seba Avenue, Centerville, North Carolina, 7511";"Cupidatat commodo qui excepteur veniam sint fugiat sint. Mollit ullamco magna nulla aute. Ipsum eiusmod magna quis excepteur qui ullamco consectetur excepteur voluptate aute est cupidatat.
";2014-07-05T09:27:31;-67.087853;-88.60399
47;0;3080.69;"http://placehold.it/32x32";27;"green";"Frieda Underwood";"female";"ZIPAK";"friedaunderwood@zipak.com";"+1 (917) 556-3968";"654 Bayview Avenue, Elbert, New York, 3888";"Qui ut reprehenderit consectetur consequat duis nulla qui. Enim duis tempor esse velit labore culpa duis cillum officia. Id mollit dolor Lorem qui mollit veniam consequat laboris ipsum laborum duis adipisicing.
";2017-10-02T06:56:33;-41.105667;41.542718
48;0;1567.99;"http://placehold.it/32x32";35;"brown";"Bowers Shepard";"male";"FANFARE";"bowersshepard@fanfare.com";"+1 (868) 458-3960";"309 Herkimer Place, Saticoy, Northern Mariana Islands, 2923";"Cupidatat commodo qui excepteur veniam sint fugiat sint. Mollit ullamco magna nulla aute. Ipsum eiusmod magna quis excepteur qui ullamco consectetur excepteur voluptate aute est cupidatat.
";2014-12-05T12:53:50;-42.956434;83.76105
49;0;1043.10;"http://placehold.it/32x32";33;"blue";"Sexton Francis";"male";"GEOFARM";"sextonfrancis@geofarm.com";"+1 (839) 409-3811";"310 Sunnyside Court, Dawn, Washington, 132";"Et qui est aliquip amet occaecat do fugiat proident aute. Pariatur deserunt aute laboris et dolore do amet minim. Cillum cupidatat velit dolor amet mollit consequat culpa cillum do officia ullamco consequat incididunt.
";2018-03-12T09:43:34;5.214875;-142.40822
50;0;1043.10;"http://placehold.it/32x32";30;"brown";"Avila Gutierrez";"male";"COMTOUR";"avilagutierrez@comtour.com";"+1 (906) 451-2880";"149 Wyckoff Avenue, Dupuyer, Colorado, 3374";"Cupidatat commodo qui excepteur veniam sint fugiat sint. Mollit ullamco magna nulla aute. Ipsum eiusmod magna quis excepteur qui ullamco consectetur excepteur voluptate aute est cupidatat.
";2016-10-13T01:42:53;76.355492;-178.928848
51;1;3080.70;"http://placehold.it/32x32";30;"blue";"Bernice Short";"female";"SYNKGEN";"berniceshort@synkgen.com";"+1 (809) 474-3441";"102 Euclid Avenue, Williamson, South Dakota, 1321";"Et qui est aliquip amet occaecat do fugiat proident aute. Pariatur deserunt aute laboris et dolore do amet minim. Cillum cupidatat velit dolor amet mollit consequat culpa cillum do officia ullamco consequat incididunt.
";2017-10-21T06:43:01;71.022094;46.030703
52;1;1567.100;"http://placehold.it/32x32";30;"brown";"Florence Baldwin";"female";"COFINE";"florencebaldwin@cofine.com";"+1 (956) 511-3790";"307 Manhattan Avenue, Tooleville, Texas, 4045";"Cupidatat commodo qui excepteur veniam sint fugiat sint. Mollit ullamco magna nulla aute. Ipsum eiusmod magna quis excepteur qui ullamco consectetur excepteur voluptate aute est cupidatat.
";2015-08-26T03:20:08;65.611849;-21.470095
53;1;1043.10;"http://placehold.it/32x32";29;"green";"Kidd Glover";"male";"MAGNEATO";"kiddglover@magneato.com";"+1 (904) 513-3316";"704 Post Court, Dunnavant, Delaware, 6584";"Et qui est aliquip amet occaecat do fugiat proident aute. Pariatur deserunt aute laboris et dolore do amet minim. Cillum cupidatat velit dolor amet mollit consequat culpa cillum do officia ullamco consequat incididunt.
";2018-09-06T08:17:25;49.876869;84.623784
54;1;1043.10;"http://placehold.it/32x32";35;"green";"Georgette Good";"female";"TROLLERY";"georgettegood@trollery.com";"+1 (976) 548-2916";"971 Goodwin Place, Rivera, Virgin Islands, 2751";"Et qui est aliquip amet occaecat do fugiat proident aute. Pariatur deserunt aute laboris et dolore do amet minim. Cillum cupidatat velit dolor amet mollit consequat culpa cillum do officia ullamco consequat incididunt.
";2022-04-24T06:22:08;87.137931;-140.062676
55;1;3080.71;"http://placehold.it/32x32";24;"green";"Holland Osborn";"male";"FRENEX";"hollandosborn@frenex.com";"+1 (823) 590-3093";"423 Overbaugh Place, Maury, Federated States Of Micronesia, 5645";"Cupidatat commodo qui excepteur veniam sint fugiat sint. Mollit ullamco magna nulla aute. Ipsum eiusmod magna quis excepteur qui ullamco consectetur excepteur voluptate aute est cupidatat.
";2023-10-24T04:53:16;-39.236726;-48.898689
56;1;1567.101;"http://placehold.it/32x32";28;"brown";"Coffey Howard";"male";"SPACEWAX";"coffeyhoward@spacewax.com";"+1 (834) 455-2373";"195 Havens Place, Nile, Wyoming, 3360";"Labore excepteur irure excepteur quis. Nisi enim tempor aliqua incididunt consequat. Laboris culpa incididunt culpa fugiat tempor adipisicing ut quis adipisicing eu dolore nulla duis.
";2014-03-31T07:46:24;-13.624869;99.263864
57;0;1043.10;"http://placehold.it/32x32";33;"green";"Chandra Berg";"female";"SONIQUE";"chandraberg@sonique.com";"+1 (851) 465-2954";"223 Powers Street, Fruitdale, New Hampshire, 9321";"Eu sunt cillum consequat elit deserunt. Velit enim sit qui aliqua do consequat consequat. Duis laborum minim ex qui eiusmod nostrud incididunt mollit incididunt pariatur ex velit tempor sint. Est in Lorem est aute Lorem qui consequat.
";2023-06-09T07:44:03;-22.142396;-46.885964
58;0;1043.10;"http://placehold.it/32x32";28;"brown";"Johnson Simon";"male";"KANGLE";"johnsonsimon@kangle.com";"+1 (899) 408-2679";"660 Middagh Street, Fedora, Montana, 7718";"Cupidatat commodo qui excepteur veniam sint fugiat sint. Mollit ullamco magna nulla aute. Ipsum eiusmod magna quis excepteur qui ullamco consectetur excepteur voluptate aute est cupidatat.
";2018-07-02T12:43:24;30.475634;-115.795259
59;1;3080.72;"http://placehold.it/32x32";35;"brown";"Navarro Castillo";"male";"COMVERGES";"navarrocastillo@comverges.com";"+1 (978) 561-2156";"268 Ludlam Place, Dorneyville, Arizona, 6988";"Et qui est aliquip amet occaecat do fugiat proident aute. Pariatur deserunt aute laboris et dolore do amet minim. Cillum cupidatat velit dolor amet mollit consequat culpa cillum do officia ullamco consequat incididunt.
";2020-05-24T09:40:24;54.090296;-33.526231
60;0;1567.102;"http://placehold.it/32x32";28;"blue";"Day Whitfield";"male";"RODEOLOGY";"daywhitfield@rodeology.com";"+1 (835) 436-2948";"301 Livingston Street, Skyland, American Samoa, 7270";"Cupidatat commodo qui excepteur veniam sint fugiat sint. Mollit ullamco magna nulla aute. Ipsum eiusmod magna quis excepteur qui ullamco consectetur excepteur voluptate aute est cupidatat.
";2015-02-10T08:33:44;16.301687;72.816106
61;0;1043.10;"http://placehold.it/32x32";31;"blue";"Hobbs Bonner";"male";"KONGLE";"hobbsbonner@kongle.com";"+1 (968) 523-2098";"907 Joralemon Street, Corinne, Louisiana, 1449";"Et qui est aliquip amet occaecat do fugiat proident aute. Pariatur deserunt aute laboris et dolore do amet minim. Cillum cupidatat velit dolor amet mollit consequat culpa cillum do officia ullamco consequat incididunt.
";2017-10-07T07:30:45;6.702173;-2.09733
62;0;1043.10;"http://placehold.it/32x32";36;"brown";"Morris Figueroa";"male";"KENGEN";"morrisfigueroa@kengen.com";"+1 (802) 555-3250";"921 Poplar Avenue, Goochland, Mississippi, 9659";"Cupidatat commodo qui excepteur veniam sint fugiat sint. Mollit ullamco magna nulla aute. Ipsum eiusmod magna quis excepteur qui ullamco consectetur excepteur voluptate aute est cupidatat.
";2014-03-14T05:50:49;-13.310443;-160.087565
63;0;3080.73;"http://placehold.it/32x32";27;"brown";"Patti Vargas";"female";"XERONK";"pattivargas@xeronk.com";"+1 (805) 550-3354";"133 Campus Place, Gratton, Iowa, 6237";"Et qui est aliquip amet occaecat do fugiat proident aute. Pariatur deserunt aute laboris et dolore do amet minim. Cillum cupidatat velit dolor amet mollit consequat culpa cillum do officia ullamco consequat incididunt.
";2022-10-04T05:24:36;16.970424;-133.728528
64;0;1567.103;"http://placehold.it/32x32";31;"blue";"Willis Walls";"male";"VERTON";"williswalls@verton.com";"+1 (852) 504-2176";"570 Jackson Place, Albany, Kansas, 816";"Et qui est aliquip amet occaecat do fugiat proident aute. Pariatur deserunt aute laboris et dolore do amet minim. Cillum cupidatat velit dolor amet mollit consequat culpa cillum do officia ullamco consequat incididunt.
";2018-02-09T01:42:24;23.638211;-63.793421
65;1;1043.10;"http://placehold.it/32x32";22;"brown";"Glenda Todd";"female";"HALAP";"glendatodd@halap.com";"+1 (925) 594-3634";"647 Emerald Street, Westwood, Oregon, 8857";"Cupidatat commodo qui excepteur veniam sint fugiat sint. Mollit ullamco magna nulla aute. Ipsum eiusmod magna quis excepteur qui ullamco consectetur excepteur voluptate aute est cupidatat.
";2017-12-11T12:32:24;-43.052439;177.885342
66;1;1043.10;"http://placehold.it/32x32";34;"brown";"Lydia Bailey";"female";"PAPRICUT";"lydiabailey@papricut.com";"+1 (829) 477-3259";"711 Milford Street, Canoochee, Guam, 7681";"Cupidatat commodo qui excepteur veniam sint fugiat sint. Mollit ullamco magna nulla aute. Ipsum eiusmod magna quis excepteur qui ullamco consectetur excepteur voluptate aute est cupidatat.
";2018-08-25T04:12:09;-43.486857;58.804644
67;1;3080.74;"http://placehold.it/32x32";25;"brown";"Love Hodge";"male";"NORSUP";"lovehodge@norsup.com";"+1 (817) 437-3092";"236 Beaver Street, Brenton, West Virginia, 481";"Et qui est aliquip amet occaecat do fugiat proident aute. Pariatur deserunt aute laboris et dolore do amet minim. Cillum cupidatat velit dolor amet mollit consequat culpa cillum do officia ullamco consequat incididunt.
";2024-10-07T02:24:11;-57.145908;95.176967
68;1;1567.104;"http://placehold.it/32x32";27;"green";"Pope Whitehead";"male";"TWIIST";"popewhitehead@twiist.com";"+1 (894) 484-2249";"866 Himrod Street, Clarence, Virginia, 956";"Cupidatat commodo qui excepteur veniam sint fugiat sint. Mollit ullamco magna nulla aute. Ipsum eiusmod magna quis excepteur qui ullamco consectetur excepteur voluptate aute est cupidatat.
";2018-03-02T09:47:00;-71.79157;-92.829054
69;1;1043.10;"http://placehold.it/32x32";23;"blue";"Joann Rivera";"female";"ASSISTIA";"joannrivera@assistia.com";"+1 (889) 421-3271";"750 Newel Street, Breinigsville, Maine, 1716";"Et qui est aliquip amet occaecat do fugiat proident aute. Pariatur deserunt aute laboris et dolore do amet minim. Cillum cupidatat velit dolor amet mollit consequat culpa cillum do officia ullamco consequat incididunt.
";2018-01-18T08:33:18;-44.742011;50.567396
70;1;1043.10;"http://placehold.it/32x32";31;"green";"Rosario Fernandez";"male";"UTARIAN";"rosariofernandez@utarian.com";"+1 (990) 532-2364";"150 Clermont Avenue, Kennedyville, Puerto Rico, 1905";"Cupidatat commodo qui excepteur veniam sint fugiat sint. Mollit ullamco magna nulla aute. Ipsum eiusmod magna quis excepteur qui ullamco consectetur excepteur voluptate aute est cupidatat.
";2020-11-13T06:45:36;22.964323;35.166919
71;0;3080.75;"http://placehold.it/32x32";28;"brown";"Trisha Patrick";"female";"XOGGLE";"trishapatrick@xoggle.com";"+1 (829) 485-2597";"523 Jefferson Avenue, Germanton, Wisconsin, 8212";"Et qui est aliquip amet occaecat do fugiat proident aute. Pariatur deserunt aute laboris et dolore do amet minim. Cillum cupidatat velit dolor amet mollit consequat culpa cillum do officia ullamco consequat incididunt.
";2020-06-08T05:48:57;-17.45213;-148.517652
72;0;1567.105;"http://placehold.it/32x32";32;"brown";"Imogene Patel";"female";"INTERGEEK";"imogenepatel@intergeek.com";"+1 (920) 416-2547";"274 Clifford Place, Springhill, California, 8006";"Et qui est aliquip amet occaecat do fugiat proident aute. Pariatur deserunt aute laboris et dolore do amet minim. Cillum cupidatat velit dolor amet mollit consequat culpa cillum do officia ullamco consequat incididunt.
";2020-08-31T12:01:15;-52.40572;-161.716235
73;1;1043.10;"http://placehold.it/32x32";26;"green";"Mitzi Shaw";"female";"ENERVATE";"mitzishaw@enervate.com";"+1 (851) 480-2219";"902 Montauk Avenue, Berwind, Maryland, 8335";"Cupidatat commodo qui excepteur veniam sint fugiat sint. Mollit ullamco magna nulla aute. Ipsum eiusmod magna quis excepteur qui ullamco consectetur excepteur voluptate aute est cupidatat.
";2019-07-27T10:09:03;-16.552023;-41.244671
74;0;1043.10;"http://placehold.it/32x32";40;"blue";"Reynolds Sanders";"male";"DIGIAL";"reynoldssanders@digial.com";"+1 (957) 415-3652";"637 Nassau Street, Gordon, Nevada, 3183";"Ex exercitation commodo veniam deserunt eu sunt do. Deserunt voluptate Lorem in occaecat officia velit aute mollit in sint incididunt consectetur. Culpa est incididunt minim voluptate incididunt quis in magna sint.
";2019-08-11T01:55:15;85.672495;52.448638
75;0;3080.76;"http://placehold.it/32x32";20;"green";"Bailey Sharpe";"male";"OVOLO";"baileysharpe@ovolo.com";"+1 (937) 563-3681";"609 Cornelia Street, Steinhatchee, Palau, 6379";"Cupidatat commodo qui excepteur veniam sint fugiat sint. Mollit ullamco magna nulla aute. Ipsum eiusmod magna quis excepteur qui ullamco consectetur excepteur voluptate aute est cupidatat.
";2015-11-05T05:26:04;2.73696;33.106109
76;0;1567.106;"http://placehold.it/32x32";21;"brown";"Hughes Murphy";"male";"SHOPABOUT";"hughesmurphy@shopabout.com";"+1 (862) 446-2004";"633 Cherry Street, Wintersburg, Connecticut, 3171";"Et qui est aliquip amet occaecat do fugiat proident aute. Pariatur deserunt aute laboris et dolore do amet minim. Cillum cupidatat velit dolor amet mollit consequat culpa cillum do officia ullamco consequat incididunt.
";2019-06-05T10:47:17;88.969248;-147.855704
77;0;1043.10;"http://placehold.it/32x32";34;"brown";"Bette Wells";"female";"SULTRAX";"bettewells@sultrax.com";"+1 (969) 586-3095";"829 Keen Court, Yettem, North Dakota, 634";"Cupidatat commodo qui excepteur veniam sint fugiat sint. Mollit ullamco magna nulla aute. Ipsum eiusmod magna quis excepteur qui ullamco consectetur excepteur voluptate aute est cupidatat.
";2017-01-02T11:54:26;-58.165442;91.704283
78;0;1043.10;"http://placehold.it/32x32";33;"green";"Georgina Thornton";"female";"NAXDIS";"georginathornton@naxdis.com";"+1 (933) 449-2819";"376 Amber Street, Cutter, Rhode Island, 5207";"Et qui est aliquip amet occaecat do fugiat proident aute. Pariatur deserunt aute laboris et dolore do amet minim. Cillum cupidatat velit dolor amet mollit consequat culpa cillum do officia ullamco consequat incididunt.
";2015-01-25T05:21:58;-72.693058;81.046474
79;1;3080.77;"http://placehold.it/32x32";33;"brown";"Strong Peterson";"male";"KEGULAR";"strongpeterson@kegular.com";"+1 (968) 559-3323";"606 Micieli Place, Frierson, Pennsylvania, 5697";"Cupidatat commodo qui excepteur veniam sint fugiat sint. Mollit ullamco magna nulla aute. Ipsum eiusmod magna quis excepteur qui ullamco consectetur excepteur voluptate aute est cupidatat.
";2016-04-21T01:38:45;9.684306;-67.050509
80;1;1567.107;"http://placehold.it/32x32";22;"blue";"Stacy Gonzalez";"female";"SEQUITUR";"stacygonzalez@sequitur.com";"+1 (934) 450-3051";"866 Forbell Street, Grahamtown, Missouri, 2539";"Et qui est aliquip amet occaecat do fugiat proident aute. Pariatur deserunt aute laboris et dolore do amet minim. Cillum cupidatat velit dolor amet mollit consequat culpa cillum do officia ullamco consequat incididunt.
";2022-02-24T07:47:45;-65.902067;-43.228047
81;1;1043.10;"http://placehold.it/32x32";40;"green";"Greene Saunders";"male";"VERTIDE";"greenesaunders@vertide.com";"+1 (928) 557-3124";"922 Woodbine Street, Shasta, Alabama, 9711";"Et qui est aliquip amet occaecat do fugiat proident aute. Pariatur deserunt aute laboris et dolore do amet minim. Cillum cupidatat velit dolor amet mollit consequat culpa cillum do officia ullamco consequat incididunt.
";2022-01-26T04:24:26;-60.964356;-84.543365
82;1;1043.10;"http://placehold.it/32x32";39;"brown";"Baird Kline";"male";"CENTREE";"bairdkline@centree.com";"+1 (957) 561-3304";"368 Nelson Street, Watchtower, Nebraska, 1884";"Cupidatat commodo qui excepteur veniam sint fugiat sint. Mollit ullamco magna nulla aute. Ipsum eiusmod magna quis excepteur qui ullamco consectetur excepteur voluptate aute est cupidatat.
";2023-05-09T03:25:31;-53.760658;-157.396447
83;1;3080.78;"http://placehold.it/32x32";34;"brown";"Marva Espinoza";"female";"COMTRAK";"marvaespinoza@comtrak.com";"+1 (857) 549-3054";"296 Wilson Avenue, Navarre, Oklahoma, 9067";"Cupidatat commodo qui excepteur veniam sint fugiat sint. Mollit ullamco magna nulla aute. Ipsum eiusmod magna quis excepteur qui ullamco consectetur excepteur voluptate aute est cupidatat.
";2014-07-23T10:57:32;42.479818;84.992296
84;1;1567.108;"http://placehold.it/32x32";31;"green";"Jewel Pena";"female";"COMVEY";"jewelpena@comvey.com";"+1 (915) 416-2533";"633 Willow Place, Campo, Florida, 3276";"Et qui est aliquip amet occaecat do fugiat proident aute. Pariatur deserunt aute laboris et dolore do amet minim. Cillum cupidatat velit dolor amet mollit consequat culpa cillum do officia ullamco consequat incididunt.
";2017-03-06T11:02:42;-89.624444;179.812791
85;0;1043.10;"http://placehold.it/32x32";24;"brown";"Collier Casey";"male";"TELEPARK";"colliercasey@telepark.com";"+1 (984) 405-2873";"524 Lamont Court, Comptche, Hawaii, 8140";"Cupidatat commodo qui excepteur veniam sint fugiat sint. Mollit ullamco magna nulla aute. Ipsum eiusmod magna quis excepteur qui ullamco consectetur excepteur voluptate aute est cupidatat.
";2014-11-30T04:20:35;50.625255;-79.131664
86;0;1043.10;"http://placehold.it/32x32";34;"blue";"Gamble Levine";"male";"PHARMEX";"gamblelevine@pharmex.com";"+1 (877) 546-3354";"276 Anna Court, Cleary, Minnesota, 5078";"Et qui est aliquip amet occaecat do fugiat proident aute. Pariatur deserunt aute laboris et dolore do amet minim. Cillum cupidatat velit dolor amet mollit consequat culpa cillum do officia ullamco consequat incididunt.
";2020-05-17T04:52:54;48.52212;91.059604
87;1;3080.79;"http://placehold.it/32x32";21;"green";"Wise Velazquez";"male";"MOREGANIC";"wisevelazquez@moreganic.com";"+1 (819) 425-2793";"467 Albemarle Road, Dunbar, Vermont, 1334";"Cupidatat commodo qui excepteur veniam sint fugiat sint. Mollit ullamco magna nulla aute. Ipsum eiusmod magna quis excepteur qui ullamco consectetur excepteur voluptate aute est cupidatat.
";2018-03-08T08:36:51;76.629386;53.745896
88;0;1567.109;"http://placehold.it/32x32";20;"blue";"Foreman Cox";"male";"BOINK";"foremancox@boink.com";"+1 (963) 556-2707";"243 Tompkins Avenue, Catherine, New Jersey, 3830";"Et qui est aliquip amet occaecat do fugiat proident aute. Pariatur deserunt aute laboris et dolore do amet minim. Cillum cupidatat velit dolor amet mollit consequat culpa cillum do officia ullamco consequat incididunt.
";2024-07-21T12:11:35;-6.635395;-41.619648
89;0;1043.10;"http://placehold.it/32x32";38;"blue";"Ashley Ellison";"male";"SLOGANAUT";"ashleyellison@sloganaut.com";"+1 (872) 485-2927";"382 Powell Street, Glendale, Arkansas, 7418";"Et qui est aliquip amet occaecat do fugiat proident aute. Pariatur deserunt aute laboris et dolore do amet minim. Cillum cupidatat velit dolor amet mollit consequat culpa cillum do officia ullamco consequat incididunt.
";2023-05-11T07:14:47;-2.592939;-4.985439
90;0;1043.10;"http://placehold.it/32x32";34;"brown";"Ladonna Parks";"female";"KYAGURU";"ladonnaparks@kyaguru.com";"+1 (896) 454-2094";"264 Ditmars Street, Jardine, District Of Columbia, 1775";"Cupidatat commodo qui excepteur veniam sint fugiat sint. Mollit ullamco magna nulla aute. Ipsum eiusmod magna quis excepteur qui ullamco consectetur excepteur voluptate aute est cupidatat.
";2016-05-20T07:35:20;41.512945;41.850362
91;0;3080.80;"http://placehold.it/32x32";25;"brown";"Carlene Carr";"female";"ENAUT";"carlenecarr@enaut.com";"+1 (845) 528-3152";"332 Lincoln Avenue, Avalon, Georgia, 3779";"Cupidatat commodo qui excepteur veniam sint fugiat sint. Mollit ullamco magna nulla aute. Ipsum eiusmod magna quis excepteur qui ullamco consectetur excepteur voluptate aute est cupidatat.
";2019-03-28T03:50:38;-80.101619;-120.469151
92;0;1567.110;"http://placehold.it/32x32";35;"green";"Howe Decker";"male";"OPPORTECH";"howedecker@opportech.com";"+1 (857) 432-3857";"527 Lincoln Place, Russellville, Idaho, 9475";"Et qui est aliquip amet occaecat do fugiat proident aute. Pariatur deserunt aute laboris et dolore do amet minim. Cillum cupidatat velit dolor amet mollit consequat culpa cillum do officia ullamco consequat incididunt.
";2021-01-28T03:03:59;-59.394771;50.705644
93;1;1043.10;"http://placehold.it/32x32";31;"brown";"Kristin Blake";"female";"EXOSIS";"kristinblake@exosis.com";"+1 (926) 404-3859";"853 Eldert Street, Stockwell, Tennessee, 9403";"Cupidatat commodo qui excepteur veniam sint fugiat sint. Mollit ullamco magna nulla aute. Ipsum eiusmod magna quis excepteur qui ullamco consectetur excepteur voluptate aute est cupidatat.
";2017-05-27T07:18:20;17.442002;83.094683
94;1;1043.10;"http://placehold.it/32x32";20;"brown";"Gross Evans";"male";"AVENETRO";"grossevans@avenetro.com";"+1 (915) 539-3613";"125 Rock Street, Harold, Marshall Islands, 7040";"Et qui est aliquip amet occaecat do fugiat proident aute. Pariatur deserunt aute laboris et dolore do amet minim. Cillum cupidatat velit dolor amet mollit consequat culpa cillum do officia ullamco consequat incididunt.
";2020-10-31T06:11:01;-37.257417;-48.98732
95;1;3080.81;"http://placehold.it/32x32";21;"blue";"Maricela Fry";"female";"SATIANCE";"maricelafry@satiance.com";"+1 (875) 513-2051";"795 Strauss Street, Otranto, Massachusetts, 1870";"Cupidatat commodo qui excepteur veniam sint fugiat sint. Mollit ullamco magna nulla aute. Ipsum eiusmod magna quis excepteur qui ullamco consectetur excepteur voluptate aute est cupidatat.
";2014-10-22T01:36:29;-64.638319;-34.415647
96;1;1567.111;"http://placehold.it/32x32";29;"green";"Hinton Dejesus";"male";"VOIPA";"hintondejesus@voipa.com";"+1 (995) 512-3641";"338 Montgomery Place, Kieler, Indiana, 7410";"Et qui est aliquip amet occaecat do fugiat proident aute. Pariatur deserunt aute laboris et dolore do amet minim. Cillum cupidatat velit dolor amet mollit consequat culpa cillum do officia ullamco consequat incididunt.
";2015-06-29T01:19:54;32.820513;-23.325525
97;1;1043.10;"http://placehold.it/32x32";40;"green";"Malone Bauer";"male";"ZENSOR";"malonebauer@zensor.com";"+1 (930) 540-2082";"154 Hinckley Place, Kersey, Utah, 5118";"Et qui est aliquip amet occaecat do fugiat proident aute. Pariatur deserunt aute laboris et dolore do amet minim. Cillum cupidatat velit dolor amet mollit consequat culpa cillum do officia ullamco consequat incididunt.
";2019-12-26T11:19:05;84.273627;32.550598
98;0;1043.10;"http://placehold.it/32x32";35;"brown";"Juanita Mckay";"female";"NIXELT";"juanitamckay@nixelt.com";"+1 (855) 526-3008";"247 Vermont Court, Dodge, Illinois, 7608";"Cupidatat commodo qui excepteur veniam sint fugiat sint. Mollit ullamco magna nulla aute. Ipsum eiusmod magna quis excepteur qui ullamco consectetur excepteur voluptate aute est cupidatat.
";2017-04-20T08:41:36;2.360032;-130.544533
99;0;3080.82;"http://placehold.it/32x32";35;"blue";"Sophie Hunt";"female";"TELLIFLY";"sophiehunt@tellifly.com";"+1 (961) 419-3900";"604 Logan Street, Warren, Michigan, 2025";"Cupidatat commodo qui excepteur veniam sint fugiat sint. Mollit ullamco magna nulla aute. Ipsum eiusmod magna quis excepteur qui ullamco consectetur excepteur voluptate aute est cupidatat.
";2020-11-25T10:27:01;-30.850071;-137.627239
100;0;1567.112;"http://placehold.it/32x32";32;"brown";"Katharine Blackburn";"female";"ZEDALIS";"katharineblackburn@zedalis.com";"+1 (860) 419-2538";"797 Cadman Plaza, Nutrioso, South Carolina, 6032";"Et qui est aliquip amet occaecat do fugiat proident aute. Pariatur deserunt aute laboris et dolore do amet minim. Cillum cupidatat velit dolor amet mollit consequat culpa cillum do officia ullamco consequat incididunt.
";2023-01-06T07:49:11;2.574103;123.412235
101;0;1043.10;"http://placehold.it/32x32";23;"blue";"Mamie Schultz";"female";"EMTRAC";"mamieschultz@emtrac.com";"+1 (894) 598-3466";"933 Noble Street, Biddle, Alaska, 7956";"Cupidatat commodo qui excepteur veniam sint fugiat sint. Mollit ullamco magna nulla aute. Ipsum eiusmod magna quis excepteur qui ullamco consectetur excepteur voluptate aute est cupidatat.
";2016-04-06T12:38:30;-12.391756;101.537901
102;1;1043.10;"http://placehold.it/32x32";25;"green";"Sharp Ryan";"male";"ESSENSIA";"sharpryan@essensia.com";"+1 (898) 563-2495";"985 Richmond Street, Greenbush, Kentucky, 5247";"Et qui est aliquip amet occaecat do fugiat proident aute. Pariatur deserunt aute laboris et dolore do amet minim. Cillum cupidatat velit dolor amet mollit consequat culpa cillum do officia ullamco consequat incididunt.
";2022-11-03T06:41:13;66.154813;153.026758
103;1;3080.83;"http://placehold.it/32x32";24;"blue";"Dawn Stevenson";"female";"EARTHMARK";"dawnstevenson@earthmark.com";"+1 (958) 426-3303";"534 Hopkins Street, Mahtowa, New Mexico, 2576";"Cupidatat commodo qui excepteur veniam sint fugiat sint. Mollit ullamco magna nulla aute. Ipsum eiusmod magna quis excepteur qui ullamco consectetur excepteur voluptate aute est cupidatat.
";2023-06-26T07:05:17;54.042017;128.15204
104;1;1567.113;"http://placehold.it/32x32";27;"brown";"Hayden Haney";"male";"SUREMAX";"haydenhaney@suremax.com";"+1 (869) 596-2862";"271 Nautilus Avenue, Orason, North Carolina, 9211";"Et qui est aliquip amet occaecat do fugiat proident aute. Pariatur deserunt aute laboris et dolore do amet minim. Cillum cupidatat velit dolor amet mollit consequat culpa cillum do officia ullamco consequat incididunt.
";2016-08-13T01:08:26;-15.57478;41.962657
105;1;1043.10;"http://placehold.it/32x32";36;"blue";"Barr Travis";"male";"SIGNIDYNE";"barrtravis@signidyne.com";"+1 (858) 564-2309";"106 Tillary Street, Rockbridge, New York, 1682";"Et qui est aliquip amet occaecat do fugiat proident aute. Pariatur deserunt aute laboris et dolore do amet minim. Cillum cupidatat velit dolor amet mollit consequat culpa cillum do officia ullamco consequat incididunt.
";2018-11-17T07:35:41;21.161271;36.659337
106;1;1043.10;"http://placehold.it/32x32";36;"green";"Calhoun Waller";"male";"FURNIGEER";"calhounwaller@furnigeer.com";"+1 (971) 480-2401";"235 Butler Place, Cloverdale, Northern Mariana Islands, 9820";"Cupidatat commodo qui excepteur veniam sint fugiat sint. Mollit ullamco magna nulla aute. Ipsum eiusmod magna quis excepteur qui ullamco consectetur excepteur voluptate aute est cupidatat.
";2022-12-13T08:09:23;75.209428;108.414543
107;1;3080.84;"http://placehold.it/32x32";40;"blue";"Staci Ewing";"female";"GALLAXIA";"staciewing@gallaxia.com";"+1 (992) 588-3701";"854 Lake Street, Martell, Washington, 7081";"Cupidatat commodo qui excepteur veniam sint fugiat sint. Mollit ullamco magna nulla aute. Ipsum eiusmod magna quis excepteur qui ullamco consectetur excepteur voluptate aute est cupidatat.
";2023-12-17T10:19:15;63.391679;124.128382
108;0;1567.114;"http://placehold.it/32x32";21;"brown";"Mclean Cervantes";"male";"GONKLE";"mcleancervantes@gonkle.com";"+1 (837) 580-3587";"800 Lorraine Street, Wauhillau, Colorado, 1201";"Et qui est aliquip amet occaecat do fugiat proident aute. Pariatur deserunt aute laboris et dolore do amet minim. Cillum cupidatat velit dolor amet mollit consequat culpa cillum do officia ullamco consequat incididunt.
";2014-11-06T10:55:18;31.061348;-66.184478
109;0;1043.10;"http://placehold.it/32x32";28;"green";"Hodge Becker";"male";"GLASSTEP";"hodgebecker@glasstep.com";"+1 (897) 562-2316";"784 Adler Place, Walland, South Dakota, 3078";"Cupidatat commodo qui excepteur veniam sint fugiat sint. Mollit ullamco magna nulla aute. Ipsum eiusmod magna quis excepteur qui ullamco consectetur excepteur voluptate aute est cupidatat.
";2016-02-28T07:56:52;-87.786833;67.748372
110;1;1043.10;"http://placehold.it/32x32";24;"green";"Lindsay Terry";"female";"ENORMO";"lindsayterry@enormo.com";"+1 (833) 487-3401";"754 Surf Avenue, Kula, Texas, 6801";"Et qui est aliquip amet occaecat do fugiat proident aute. Pariatur deserunt aute laboris et dolore do amet minim. Cillum cupidatat velit dolor amet mollit consequat culpa cillum do officia ullamco consequat incididunt.
";2020-03-06T03:57:45;17.45168;-63.644858
111;0;3080.85;"http://placehold.it/32x32";37;"brown";"Franklin Wong";"male";"QIMONK";"franklinwong@qimonk.com";"+1 (855) 442-2438";"708 Nixon Court, Rose, Delaware, 4988";"Cupidatat commodo qui excepteur veniam sint fugiat sint. Mollit ullamco magna nulla aute. Ipsum eiusmod magna quis excepteur qui ullamco consectetur excepteur voluptate aute est cupidatat.
";2022-04-04T04:16:13;16.311678;131.300678
112;0;1567.115;"http://placehold.it/32x32";30;"green";"Wagner Maddox";"male";"SOFTMICRO";"wagnermaddox@softmicro.com";"+1 (935) 447-3957";"974 Coffey Street, Herbster, Virgin Islands, 6299";"Et qui est aliquip amet occaecat do fugiat proident aute. Pariatur deserunt aute laboris et dolore do amet minim. Cillum cupidatat velit dolor amet mollit consequat culpa cillum do officia ullamco consequat incididunt.
";2018-08-23T02:12:59;22.969897;149.06418
113;0;1043.10;"http://placehold.it/32x32";20;"green";"Armstrong Mcgee";"male";"ZENTRY";"armstrongmcgee@zentry.com";"+1 (806) 451-3129";"198 Seagate Terrace, Abrams, Federated States Of Micronesia, 9705";"Et qui est aliquip amet occaecat do fugiat proident aute. Pariatur deserunt aute laboris et dolore do amet minim. Cillum cupidatat velit dolor amet mollit consequat culpa cillum do officia ullamco consequat incididunt.
";2014-09-08T10:15:09;-43.254238;-166.945868
114;0;1043.10;"http://placehold.it/32x32";25;"green";"Mcpherson Riley";"male";"PETICULAR";"mcphersonriley@peticular.com";"+1 (802) 593-2987";"345 Boerum Street, Sabillasville, Wyoming, 116";"Cupidatat commodo qui excepteur veniam sint fugiat sint. Mollit ullamco magna nulla aute. Ipsum eiusmod magna quis excepteur qui ullamco consectetur excepteur voluptate aute est cupidatat.
";2020-06-22T02:45:07;82.690768;-6.853277
115;0;3080.86;"http://placehold.it/32x32";37;"blue";"Carpenter Franklin";"male";"OPTICOM";"carpenterfranklin@opticom.com";"+1 (867) 572-3812";"311 Victor Road, Kempton, New Hampshire, 8043";"Cupidatat commodo qui excepteur veniam sint fugiat sint. Mollit ullamco magna nulla aute. Ipsum eiusmod magna quis excepteur qui ullamco consectetur excepteur voluptate aute est cupidatat.
";2016-04-28T05:11:32;1.898206;-159.504632
116;1;1567.116;"http://placehold.it/32x32";32;"brown";"Daphne Herring";"female";"MICROLUXE";"daphneherring@microluxe.com";"+1 (888) 421-3755";"522 Terrace Place, Chumuckla, Montana, 2120";"Et qui est aliquip amet occaecat do fugiat proident aute. Pariatur deserunt aute laboris et dolore do amet minim. Cillum cupidatat velit dolor amet mollit consequat culpa cillum do officia ullamco consequat incididunt.
";2022-12-11T12:24:43;-57.928975;-31.09991
117;1;1043.10;"http://placehold.it/32x32";26;"green";"Jillian Estrada";"female";"ZYTRAC";"jillianestrada@zytrac.com";"+1 (899) 592-3694";"912 Ryder Avenue, Tedrow, Arizona, 8307";"Cupidatat commodo qui excepteur veniam sint fugiat sint. Mollit ullamco magna nulla aute. Ipsum eiusmod magna quis excepteur qui ullamco consectetur excepteur voluptate aute est cupidatat.
";2020-11-20T08:38:01;29.44405;124.064605
118;1;1043.10;"http://placehold.it/32x32";27;"brown";"Pacheco Mays";"male";"FISHLAND";"pachecomays@fishland.com";"+1 (843) 593-2801";"216 Channel Avenue, Aguila, American Samoa, 6731";"Et qui est aliquip amet occaecat do fugiat proident aute. Pariatur deserunt aute laboris et dolore do amet minim. Cillum cupidatat velit dolor amet mollit consequat culpa cillum do officia ullamco consequat incididunt.
";2014-06-09T02:06:47;44.685308;-119.878753
119;1;3080.87;"http://placehold.it/32x32";40;"brown";"Miranda Padilla";"male";"ARTWORLDS";"mirandapadilla@artworlds.com";"+1 (987) 542-2518";"504 Kaufman Place, Blanford, Louisiana, 2997";"Cupidatat commodo qui excepteur veniam sint fugiat sint. Mollit ullamco magna nulla aute. Ipsum eiusmod magna quis excepteur qui ullamco consectetur excepteur voluptate aute est cupidatat.
";2014-10-01T05:57:34;-20.76376;-116.422662
120;1;1567.117;"http://placehold.it/32x32";37;"green";"Conrad Montgomery";"male";"KRAG";"conradmontgomery@krag.com";"+1 (849) 483-2081";"526 Devoe Street, Chamberino, Mississippi, 9308";"Et qui est aliquip amet occaecat do fugiat proident aute. Pariatur deserunt aute laboris et dolore do amet minim. Cillum cupidatat velit dolor amet mollit consequat culpa cillum do officia ullamco consequat incididunt.
";2022-04-05T06:29:24;60.50772;-110.35882
121;1;1043.10;"http://placehold.it/32x32";32;"green";"Corinne Maynard";"female";"KINETICA";"corinnemaynard@kinetica.com";"+1 (893) 453-3441";"226 Glenwood Road, Bannock, Iowa, 5832";"Et qui est aliquip amet occaecat do fugiat proident aute. Pariatur deserunt aute laboris et dolore do amet minim. Cillum cupidatat velit dolor amet mollit consequat culpa cillum do officia ullamco consequat incididunt.
";2019-12-15T06:20:20;57.277666;-115.346814
122;0;1043.10;"http://placehold.it/32x32";29;"blue";"Sampson Mooney";"male";"VISUALIX";"sampsonmooney@visualix.com";"+1 (806) 563-2251";"561 Arlington Avenue, Ironton, Kansas, 4832";"Cupidatat commodo qui excepteur veniam sint fugiat sint. Mollit ullamco magna nulla aute. Ipsum eiusmod magna quis excepteur qui ullamco consectetur excepteur voluptate aute est cupidatat.
";2019-11-06T07:37:51;88.71436;-44.383475
123;0;3080.88;"http://placehold.it/32x32";27;"blue";"Jordan Jefferson";"male";"QUILCH";"jordanjefferson@quilch.com";"+1 (880) 581-3629";"573 Seeley Street, Bendon, Oregon, 4752";"Cupidatat commodo qui excepteur veniam sint fugiat sint. Mollit ullamco magna nulla aute. Ipsum eiusmod magna quis excepteur qui ullamco consectetur excepteur voluptate aute est cupidatat.
";2023-01-10T01:40:33;-88.25873;-102.540085
124;1;1567.118;"http://placehold.it/32x32";25;"green";"Parrish Browning";"male";"LETPRO";"parrishbrowning@letpro.com";"+1 (883) 513-2049";"704 Dahlgreen Place, Muir, Guam, 6810";"Et qui est aliquip amet occaecat do fugiat proident aute. Pariatur deserunt aute laboris et dolore do amet minim. Cillum cupidatat velit dolor amet mollit consequat culpa cillum do officia ullamco consequat incididunt.
";2015-08-27T02:33:01;77.426601;154.757116
125;0;1043.10;"http://placehold.it/32x32";34;"blue";"Shanna Goodman";"female";"VIASIA";"shannagoodman@viasia.com";"+1 (874) 440-2949";"837 Clarendon Road, Loretto, West Virginia, 8872";"Cupidatat commodo qui excepteur veniam sint fugiat sint. Mollit ullamco magna nulla aute. Ipsum eiusmod magna quis excepteur qui ullamco consectetur excepteur voluptate aute est cupidatat.
";2018-11-21T10:24:02;41.737598;-69.490263
126;0;1043.10;"http://placehold.it/32x32";39;"green";"Sutton Rose";"male";"OVIUM";"suttonrose@ovium.com";"+1 (972) 442-3505";"553 Malta Street, Macdona, Virginia, 8658";"Et qui est aliquip amet occaecat do fugiat proident aute. Pariatur deserunt aute laboris et dolore do amet minim. Cillum cupidatat velit dolor amet mollit consequat culpa cillum do officia ullamco consequat incididunt.
";2015-03-27T02:20:09;24.481617;-78.802531
127;0;3080.89;"http://placehold.it/32x32";39;"blue";"Connie Donaldson";"female";"DUOFLEX";"conniedonaldson@duoflex.com";"+1 (889) 426-2265";"559 Amersfort Place, Sisquoc, Maine, 1174";"Cupidatat commodo qui excepteur veniam sint fugiat sint. Mollit ullamco magna nulla aute. Ipsum eiusmod magna quis excepteur qui ullamco consectetur excepteur voluptate aute est cupidatat.
";2017-06-19T11:08:05;-47.932894;-44.964894
128;0;1567.119;"http://placehold.it/32x32";28;"brown";"Ramos Davis";"male";"ZBOO";"ramosdavis@zboo.com";"+1 (975) 444-3433";"849 Cozine Avenue, Gadsden, Puerto Rico, 1138";"Et qui est aliquip amet occaecat do fugiat proident aute. Pariatur deserunt aute laboris et dolore do amet minim. Cillum cupidatat velit dolor amet mollit consequat culpa cillum do officia ullamco consequat incididunt.
";2015-05-21T05:33:26;37.334594;-78.664734
129;0;1043.10;"http://placehold.it/32x32";31;"green";"Susana Cain";"female";"POLARAX";"susanacain@polarax.com";"+1 (941) 417-2186";"633 Chauncey Street, Alleghenyville, Wisconsin, 7186";"Et qui est aliquip amet occaecat do fugiat proident aute. Pariatur deserunt aute laboris et dolore do amet minim. Cillum cupidatat velit dolor amet mollit consequat culpa cillum do officia ullamco consequat incididunt.
";2021-03-16T07:42:54;5.748972;84.232847
130;1;1043.10;"http://placehold.it/32x32";39;"green";"Dianna Houston";"female";"MAKINGWAY";"diannahouston@makingway.com";"+1 (849) 563-3019";"822 Moffat Street, Hobucken, California, 2689";"Cupidatat commodo qui excepteur veniam sint fugiat sint. Mollit ullamco magna nulla aute. Ipsum eiusmod magna quis excepteur qui ullamco consectetur excepteur voluptate aute est cupidatat.
";2018-01-13T05:47:58;78.061293;111.340492
131;1;3080.90;"http://placehold.it/32x32";21;"blue";"Parsons Mayer";"male";"GEEKNET";"parsonsmayer@geeknet.com";"+1 (964) 435-3775";"919 Love Lane, Marenisco, Maryland, 1289";"Cupidatat commodo qui excepteur veniam sint fugiat sint. Mollit ullamco magna nulla aute. Ipsum eiusmod magna quis excepteur qui ullamco consectetur excepteur voluptate aute est cupidatat.
";2020-05-08T08:15:54;-55.535081;16.987059
132;0;1567.120;"http://placehold.it/32x32";24;"blue";"Lynnette Hensley";"female";"VIXO";"lynnettehensley@vixo.com";"+1 (985) 473-2201";"708 Kosciusko Street, Yogaville, Nevada, 8673";"Et qui est aliquip amet occaecat do fugiat proident aute. Pariatur deserunt aute laboris et dolore do amet minim. Cillum cupidatat velit dolor amet mollit consequat culpa cillum do officia ullamco consequat incididunt.
";2014-08-24T03:49:39;-70.772169;75.169385
133;0;1043.10;"http://placehold.it/32x32";28;"blue";"Margaret Allen";"female";"ACUSAGE";"margaretallen@acusage.com";"+1 (902) 599-3303";"205 Cooper Street, Nash, Palau, 5156";"Cupidatat commodo qui excepteur veniam sint fugiat sint. Mollit ullamco magna nulla aute. Ipsum eiusmod magna quis excepteur qui ullamco consectetur excepteur voluptate aute est cupidatat.
";2019-08-22T01:55:45;52.85616;-0.74247
134;0;1043.10;"http://placehold.it/32x32";33;"brown";"Long Cameron";"male";"COMBOGENE";"longcameron@combogene.com";"+1 (896) 413-2691";"516 Schaefer Street, Lemoyne, Connecticut, 3264";"Et qui est aliquip amet occaecat do fugiat proident aute. Pariatur deserunt aute laboris et dolore do amet minim. Cillum cupidatat velit dolor amet mollit consequat culpa cillum do officia ullamco consequat incididunt.
";2015-01-23T10:26:14;81.879916;7.547581
135;0;3080.91;"http://placehold.it/32x32";40;"blue";"Cynthia Emerson";"female";"ZENTIA";"cynthiaemerson@zentia.com";"+1 (921) 558-2223";"484 Norfolk Street, Dellview, North Dakota, 8483";"Cupidatat commodo qui excepteur veniam sint fugiat sint. Mollit ullamco magna nulla aute. Ipsum eiusmod magna quis excepteur qui ullamco consectetur excepteur voluptate aute est cupidatat.
";2019-12-01T03:37:00;83.059905;-55.286288
136;1;1567.121;"http://placehold.it/32x32";28;"green";"Serrano Duffy";"male";"KRAGGLE";"serranoduffy@kraggle.com";"+1 (990) 523-3334";"955 Pierrepont Street, Manitou, Rhode Island, 9646";"Et qui est aliquip amet occaecat do fugiat proident aute. Pariatur deserunt aute laboris et dolore do amet minim. Cillum cupidatat velit dolor amet mollit consequat culpa cillum do officia ullamco consequat incididunt.
";2016-07-31T01:18:40;34.957682;70.677806
137;1;1043.10;"http://placehold.it/32x32";27;"green";"Holloway Noel";"male";"ISOSTREAM";"hollowaynoel@isostream.com";"+1 (834) 436-2382";"359 Ocean Parkway, Twilight, Pennsylvania, 2794";"Et qui est aliquip amet occaecat do fugiat proident aute. Pariatur deserunt aute laboris et dolore do amet minim. Cillum cupidatat velit dolor amet mollit consequat culpa cillum do officia ullamco consequat incididunt.
";2017-02-08T08:11:07;62.810394;48.291615
138;1;1043.10;"http://placehold.it/32x32";31;"brown";"Obrien Harrington";"male";"PORTICA";"obrienharrington@portica.com";"+1 (902) 491-2693";"338 Blake Court, Wanamie, Missouri, 2570";"Cupidatat commodo qui excepteur veniam sint fugiat sint. Mollit ullamco magna nulla aute. Ipsum eiusmod magna quis excepteur qui ullamco consectetur excepteur voluptate aute est cupidatat.
";2019-02-03T04:25:36;38.997432;-169.324476
139;1;3080.92;"http://placehold.it/32x32";22;"green";"Gilbert Kirby";"male";"NURALI";"gilbertkirby@nurali.com";"+1 (908) 426-2069";"978 Mill Road, Defiance, Alabama, 467";"Cupidatat commodo qui excepteur veniam sint fugiat sint. Mollit ullamco magna nulla aute. Ipsum eiusmod magna quis excepteur qui ullamco consectetur excepteur voluptate aute est cupidatat.
";2014-01-06T12:10:13;-31.798546;19.098223
140;1;1567.122;"http://placehold.it/32x32";35;"brown";"Dickson Griffith";"male";"COSMOSIS";"dicksongriffith@cosmosis.com";"+1 (881) 522-3801";"188 Tennis Court, Canterwood, Nebraska, 176";"Et qui est aliquip amet occaecat do fugiat proident aute. Pariatur deserunt aute laboris et dolore do amet minim. Cillum cupidatat velit dolor amet mollit consequat culpa cillum do officia ullamco consequat incididunt.
";2021-06-07T02:17:51;54.348933;-120.67639
141;1;1043.10;"http://placehold.it/32x32";23;"green";"Deborah Peters";"female";"FURNITECH";"deborahpeters@furnitech.com";"+1 (977) 511-2251";"148 Fay Court, Blodgett, Oklahoma, 805";"Cupidatat commodo qui excepteur veniam sint fugiat sint. Mollit ullamco magna nulla aute. Ipsum eiusmod magna quis excepteur qui ullamco consectetur excepteur voluptate aute est cupidatat.
";2020-05-24T08:46:40;81.597698;-120.807713
142;0;1043.10;"http://placehold.it/32x32";37;"brown";"Marianne Melendez";"female";"REALYSIS";"mariannemelendez@realysis.com";"+1 (972) 432-2882";"330 Herkimer Court, Terlingua, Florida, 2910";"Et qui est aliquip amet occaecat do fugiat proident aute. Pariatur deserunt aute laboris et dolore do amet minim. Cillum cupidatat velit dolor amet mollit consequat culpa cillum do officia ullamco consequat incididunt.
";2018-12-15T04:50:07;15.36687;-79.412028
143;0;3080.93;"http://placehold.it/32x32";33;"green";"Sears Gaines";"male";"LUNCHPOD";"searsgaines@lunchpod.com";"+1 (914) 551-2403";"177 Tech Place, Dola, Hawaii, 7090";"Cupidatat commodo qui excepteur veniam sint fugiat sint. Mollit ullamco magna nulla aute. Ipsum eiusmod magna quis excepteur qui ullamco consectetur excepteur voluptate aute est cupidatat.
";2020-02-06T01:33:27;-51.967142;-115.428735
144;1;1567.123;"http://placehold.it/32x32";24;"green";"Duncan Potts";"male";"LIMOZEN";"duncanpotts@limozen.com";"+1 (999) 591-3625";"368 Clove Road, Tuttle, Minnesota, 9139";"Et qui est aliquip amet occaecat do fugiat proident aute. Pariatur deserunt aute laboris et dolore do amet minim. Cillum cupidatat velit dolor amet mollit consequat culpa cillum do officia ullamco consequat incididunt.
";2022-01-04T04:25:32;-26.595417;124.405028
145;0;1043.10;"http://placehold.it/32x32";39;"green";"Banks Harvey";"male";"CEPRENE";"banksharvey@ceprene.com";"+1 (824) 570-3418";"812 Clara Street, Chamizal, Vermont, 3693";"Et qui est aliquip amet occaecat do fugiat proident aute. Pariatur deserunt aute laboris et dolore do amet minim. Cillum cupidatat velit dolor amet mollit consequat culpa cillum do officia ullamco consequat incididunt.
";2020-10-08T08:22:14;33.081179;33.26019
146;0;1043.10;"http://placehold.it/32x32";40;"green";"Peters Olsen";"male";"CANOPOLY";"petersolsen@canopoly.com";"+1 (812) 449-2869";"735 Kathleen Court, Cumminsville, New Jersey, 1145";"Cupidatat commodo qui excepteur veniam sint fugiat sint. Mollit ullamco magna nulla aute. Ipsum eiusmod magna quis excepteur qui ullamco consectetur excepteur voluptate aute est cupidatat.
";2016-10-16T05:10:17;15.168567;134.373223
147;0;3080.94;"http://placehold.it/32x32";25;"blue";"Ginger Payne";"female";"RECRISYS";"gingerpayne@recrisys.com";"+1 (968) 418-2020";"273 Kenmore Terrace, Marysville, Arkansas, 5493";"Laboris ad et qui et. Duis nisi Lorem magna culpa culpa quis in occaecat do duis ea ullamco est. Cupidatat id ullamco ea anim. Aliqua incididunt amet aliqua quis voluptate.
";2020-08-30T06:04:34;20.398671;-48.925108
148;0;1567.124;"http://placehold.it/32x32";26;"green";"Norma Rasmussen";"female";"ORONOKO";"normarasmussen@oronoko.com";"+1 (841) 419-3359";"180 Pacific Street, Konterra, District Of Columbia, 6152";"Veniam enim cupidatat dolor ad. Sit fugiat Lorem nulla voluptate voluptate et ad ex duis. Anim eiusmod fugiat magna duis consequat nostrud quis ullamco aliquip in esse magna ullamco.
";2023-09-22T07:12:13;41.764584;-110.559326
149;0;1043.10;"http://placehold.it/32x32";39;"blue";"Velazquez Bird";"male";"MOBILDATA";"velazquezbird@mobildata.com";"+1 (981) 474-2183";"256 Quincy Street, Gulf, Georgia, 3536";"Cupidatat commodo qui excepteur veniam sint fugiat sint. Mollit ullamco magna nulla aute. Ipsum eiusmod magna quis excepteur qui ullamco consectetur excepteur voluptate aute est cupidatat.
";2024-01-14T12:17:23;-70.604455;0.900126
150;1;1043.10;"http://placehold.it/32x32";30;"green";"Briana Wilkinson";"female";"ACCRUEX";"brianawilkinson@accruex.com";"+1 (898) 555-3377";"821 Hicks Street, Joppa, Idaho, 2869";"Et qui est aliquip amet occaecat do fugiat proident aute. Pariatur deserunt aute laboris et dolore do amet minim. Cillum cupidatat velit dolor amet mollit consequat culpa cillum do officia ullamco consequat incididunt.
";2014-05-13T08:37:49;6.258817;-149.462318
151;1;3080.95;"http://placehold.it/32x32";23;"blue";"Margo Meadows";"female";"MUSIX";"margomeadows@musix.com";"+1 (935) 490-2491";"528 Linden Street, Umapine, Tennessee, 7059";"Cupidatat commodo qui excepteur veniam sint fugiat sint. Mollit ullamco magna nulla aute. Ipsum eiusmod magna quis excepteur qui ullamco consectetur excepteur voluptate aute est cupidatat.
";2020-09-20T03:28:10;27.061019;33.782407
152;1;1567.125;"http://placehold.it/32x32";29;"brown";"Anne Alvarado";"female";"MIXERS";"annealvarado@mixers.com";"+1 (907) 544-2212";"300 Pierrepont Place, Colton, Marshall Islands, 4990";"Et qui est aliquip amet occaecat do fugiat proident aute. Pariatur deserunt aute laboris et dolore do amet minim. Cillum cupidatat velit dolor amet mollit consequat culpa cillum do officia ullamco consequat incididunt.
";2018-05-11T06:46:16;-6.283299;70.634521
153;1;1043.10;"http://placehold.it/32x32";20;"green";"Rosa Gay";"female";"ENTROPIX";"rosagay@entropix.com";"+1 (993) 594-3305";"904 Dennett Place, Gorst, Massachusetts, 155";"Cupidatat commodo qui excepteur veniam sint fugiat sint. Mollit ullamco magna nulla aute. Ipsum eiusmod magna quis excepteur qui ullamco consectetur excepteur voluptate aute est cupidatat.
";2014-10-05T11:06:13;72.273568;146.916566
154;1;1043.10;"http://placehold.it/32x32";36;"green";"Catherine Bartlett";"female";"EQUITOX";"catherinebartlett@equitox.com";"+1 (910) 567-2269";"614 Engert Avenue, Limestone, Indiana, 3895";"Et qui est aliquip amet occaecat do fugiat proident aute. Pariatur deserunt aute laboris et dolore do amet minim. Cillum cupidatat velit dolor amet mollit consequat culpa cillum do officia ullamco consequat incididunt.
";2016-09-05T07:26:56;82.417194;-2.585491
155;1;3080.96;"http://placehold.it/32x32";37;"brown";"Carla Gilliam";"female";"HYPLEX";"carlagilliam@hyplex.com";"+1 (807) 519-3509";"997 Baltic Street, Eggertsville, Utah, 2519";"Et qui est aliquip amet occaecat do fugiat proident aute. Pariatur deserunt aute laboris et dolore do amet minim. Cillum cupidatat velit dolor amet mollit consequat culpa cillum do officia ullamco consequat incididunt.
";2020-10-15T01:58:02;76.571729;-40.025976
156;0;1567.126;"http://placehold.it/32x32";24;"blue";"Payne David";"male";"FLOTONIC";"paynedavid@flotonic.com";"+1 (811) 558-2341";"174 Celeste Court, Shrewsbury, Illinois, 526";"Cupidatat commodo qui excepteur veniam sint fugiat sint. Mollit ullamco magna nulla aute. Ipsum eiusmod magna quis excepteur qui ullamco consectetur excepteur voluptate aute est cupidatat.
";2016-10-09T03:37:17;78.872001;73.126675
157;0;1043.10;"http://placehold.it/32x32";40;"brown";"Todd Contreras";"male";"ZOINAGE";"toddcontreras@zoinage.com";"+1 (920) 500-2323";"716 Tompkins Place, Tecolotito, Michigan, 4997";"Cupidatat commodo qui excepteur veniam sint fugiat sint. Mollit ullamco magna nulla aute. Ipsum eiusmod magna quis excepteur qui ullamco consectetur excepteur voluptate aute est cupidatat.
";2016-04-12T09:19:30;27.502718;19.416108
158;1;1043.10;"http://placehold.it/32x32";35;"green";"Gay Turner";"female";"EBIDCO";"gayturner@ebidco.com";"+1 (997) 494-2192";"646 Ross Street, Hiko, South Carolina, 166";"Et qui est aliquip amet occaecat do fugiat proident aute. Pariatur deserunt aute laboris et dolore do amet minim. Cillum cupidatat velit dolor amet mollit consequat culpa cillum do officia ullamco consequat incididunt.
";2014-01-09T01:17:38;68.259272;-46.412527
159;0;3080.97;"http://placehold.it/32x32";27;"brown";"Flowers Abbott";"male";"SENTIA";"flowersabbott@sentia.com";"+1 (960) 492-3673";"219 Maple Avenue, Joes, Alaska, 5920";"Cupidatat commodo qui excepteur veniam sint fugiat sint. Mollit ullamco magna nulla aute. Ipsum eiusmod magna quis excepteur qui ullamco consectetur excepteur voluptate aute est cupidatat.
";2024-09-28T10:23:11;74.595135;-7.047368
160;0;1567.127;"http://placehold.it/32x32";34;"blue";"Shari Little";"female";"STRALUM";"sharilittle@stralum.com";"+1 (974) 437-2991";"359 Dorchester Road, Clarksburg, Kentucky, 8860";"Et qui est aliquip amet occaecat do fugiat proident aute. Pariatur deserunt aute laboris et dolore do amet minim. Cillum cupidatat velit dolor amet mollit consequat culpa cillum do officia ullamco consequat incididunt.
";2020-08-13T08:10:57;11.18946;-13.404763
161;0;1043.10;"http://placehold.it/32x32";35;"blue";"Dean Dunn";"male";"OPTICALL";"deandunn@opticall.com";"+1 (841) 570-3101";"672 Chapel Street, Klagetoh, New Mexico, 4601";"Cupidatat commodo qui excepteur veniam sint fugiat sint. Mollit ullamco magna nulla aute. Ipsum eiusmod magna quis excepteur qui ullamco consectetur excepteur voluptate aute est cupidatat.
";2018-12-16T08:35:58;34.828833;72.152258
162;0;1043.10;"http://placehold.it/32x32";22;"green";"Rollins Dalton";"male";"RONBERT";"rollinsdalton@ronbert.com";"+1 (938) 570-3696";"431 Sharon Street, Darbydale, North Carolina, 6389";"Et qui est aliquip amet occaecat do fugiat proident aute. Pariatur deserunt aute laboris et dolore do amet minim. Cillum cupidatat velit dolor amet mollit consequat culpa cillum do officia ullamco consequat incididunt.
";2020-02-04T12:31:31;5.067929;109.923786
163;0;3080.98;"http://placehold.it/32x32";33;"brown";"Weaver Rodriquez";"male";"EXTREMO";"weaverrodriquez@extremo.com";"+1 (816) 462-3149";"983 Bedford Avenue, Cobbtown, New York, 2904";"Et qui est aliquip amet occaecat do fugiat proident aute. Pariatur deserunt aute laboris et dolore do amet minim. Cillum cupidatat velit dolor amet mollit consequat culpa cillum do officia ullamco consequat incididunt.
";2014-10-02T02:07:43;-28.957118;-70.26452
164;1;1567.128;"http://placehold.it/32x32";29;"blue";"Lana Pickett";"female";"DIGITALUS";"lanapickett@digitalus.com";"+1 (890) 581-3760";"155 Chester Avenue, Castleton, Northern Mariana Islands, 7234";"Cupidatat commodo qui excepteur veniam sint fugiat sint. Mollit ullamco magna nulla aute. Ipsum eiusmod magna quis excepteur qui ullamco consectetur excepteur voluptate aute est cupidatat.
";2015-09-18T09:35:33;-75.492702;-49.0457
165;1;1043.10;"http://placehold.it/32x32";33;"blue";"Randi Middleton";"female";"LINGOAGE";"randimiddleton@lingoage.com";"+1 (860) 552-2159";"433 Barbey Street, Cetronia, Washington, 5181";"Tempor enim non anim aute incididunt Lorem sunt dolore aliquip in. Fugiat ad tempor dolore laboris occaecat. Laborum proident anim sunt adipisicing est eiusmod sunt aliquip et tempor. Ut officia ullamco ullamco ex do est reprehenderit tempor mollit.
";2017-05-07T11:43:31;4.641045;-36.060963
166;0;1043.10;"http://placehold.it/32x32";26;"green";"Gill Andrews";"male";"SNOWPOKE";"gillandrews@snowpoke.com";"+1 (915) 478-3814";"622 Gatling Place, Glidden, Colorado, 3127";"Cupidatat commodo qui excepteur veniam sint fugiat sint. Mollit ullamco magna nulla aute. Ipsum eiusmod magna quis excepteur qui ullamco consectetur excepteur voluptate aute est cupidatat.
";2024-01-20T11:17:53;-68.35251;67.093178
167;0;3080.99;"http://placehold.it/32x32";20;"blue";"Bean Newton";"male";"ZORK";"beannewton@zork.com";"+1 (926) 567-3126";"259 Albemarle Terrace, Floris, South Dakota, 7499";"Et qui est aliquip amet occaecat do fugiat proident aute. Pariatur deserunt aute laboris et dolore do amet minim. Cillum cupidatat velit dolor amet mollit consequat culpa cillum do officia ullamco consequat incididunt.
";2018-11-23T04:30:54;30.00857;107.804807
168;0;1567.129;"http://placehold.it/32x32";26;"green";"Soto Ball";"male";"QIAO";"sotoball@qiao.com";"+1 (901) 543-2154";"287 Matthews Court, Basye, Texas, 8204";"Cupidatat commodo qui excepteur veniam sint fugiat sint. Mollit ullamco magna nulla aute. Ipsum eiusmod magna quis excepteur qui ullamco consectetur excepteur voluptate aute est cupidatat.
";2022-08-26T03:30:57;-68.184494;-92.276492
169;0;1043.10;"http://placehold.it/32x32";33;"brown";"Luann Price";"female";"ZENTURY";"luannprice@zentury.com";"+1 (975) 449-2821";"691 Bogart Street, Roderfield, Delaware, 7719";"Et qui est aliquip amet occaecat do fugiat proident aute. Pariatur deserunt aute laboris et dolore do amet minim. Cillum cupidatat velit dolor amet mollit consequat culpa cillum do officia ullamco consequat incididunt.
";2016-06-14T07:18:04;57.998724;-45.067175
170;1;1043.10;"http://placehold.it/32x32";36;"blue";"Burnett Clarke";"male";"ZINCA";"burnettclarke@zinca.com";"+1 (956) 428-2307";"162 Whitwell Place, Movico, Virgin Islands, 7182";"Cupidatat commodo qui excepteur veniam sint fugiat sint. Mollit ullamco magna nulla aute. Ipsum eiusmod magna quis excepteur qui ullamco consectetur excepteur voluptate aute est cupidatat.
";2022-12-22T04:49:43;-8.770188;-22.403834
171;1;3080.100;"http://placehold.it/32x32";30;"brown";"Goldie Chambers";"female";"IPLAX";"goldiechambers@iplax.com";"+1 (977) 542-3251";"731 Landis Court, Rehrersburg, Federated States Of Micronesia, 8358";"Et qui est aliquip amet occaecat do fugiat proident aute. Pariatur deserunt aute laboris et dolore do amet minim. Cillum cupidatat velit dolor amet mollit consequat culpa cillum do officia ullamco consequat incididunt.
";2019-12-22T04:55:25;-15.124979;0.715544
172;1;1567.130;"http://placehold.it/32x32";32;"blue";"Carr Melton";"male";"VORATAK";"carrmelton@voratak.com";"+1 (842) 503-2635";"339 Buffalo Avenue, Herlong, Wyoming, 2124";"Et qui est aliquip amet occaecat do fugiat proident aute. Pariatur deserunt aute laboris et dolore do amet minim. Cillum cupidatat velit dolor amet mollit consequat culpa cillum do officia ullamco consequat incididunt.
";2017-05-08T05:24:21;26.303644;11.378934
173;1;1043.10;"http://placehold.it/32x32";37;"blue";"Sosa Knapp";"male";"KNOWLYSIS";"sosaknapp@knowlysis.com";"+1 (876) 447-2163";"941 Gem Street, Riviera, New Hampshire, 7158";"Cupidatat commodo qui excepteur veniam sint fugiat sint. Mollit ullamco magna nulla aute. Ipsum eiusmod magna quis excepteur qui ullamco consectetur excepteur voluptate aute est cupidatat.
";2021-11-28T04:10:42;63.583013;136.90851
174;1;1043.10;"http://placehold.it/32x32";34;"brown";"Weeks Leblanc";"male";"DYMI";"weeksleblanc@dymi.com";"+1 (907) 578-2119";"481 School Lane, Hampstead, Montana, 1991";"Cupidatat commodo qui excepteur veniam sint fugiat sint. Mollit ullamco magna nulla aute. Ipsum eiusmod magna quis excepteur qui ullamco consectetur excepteur voluptate aute est cupidatat.
";2022-10-17T03:22:34;-69.820546;-76.655323
175;1;3080.101;"http://placehold.it/32x32";23;"brown";"Langley Burch";"male";"TRANSLINK";"langleyburch@translink.com";"+1 (971) 539-3809";"983 Russell Street, Robbins, Arizona, 5576";"Et qui est aliquip amet occaecat do fugiat proident aute. Pariatur deserunt aute laboris et dolore do amet minim. Cillum cupidatat velit dolor amet mollit consequat culpa cillum do officia ullamco consequat incididunt.
";2018-03-02T12:23:01;-46.067622;157.521659
176;0;1567.131;"http://placehold.it/32x32";25;"brown";"Rice Richardson";"male";"BILLMED";"ricerichardson@billmed.com";"+1 (973) 468-2415";"847 Pershing Loop, Cucumber, American Samoa, 2390";"Cupidatat commodo qui excepteur veniam sint fugiat sint. Mollit ullamco magna nulla aute. Ipsum eiusmod magna quis excepteur qui ullamco consectetur excepteur voluptate aute est cupidatat.
";2017-08-13T07:15:23;52.682903;151.679283
177;0;1043.10;"http://placehold.it/32x32";31;"blue";"Summer Foster";"female";"ZYTREX";"summerfoster@zytrex.com";"+1 (971) 562-2613";"243 Beverly Road, Clay, Louisiana, 4177";"Et qui est aliquip amet occaecat do fugiat proident aute. Pariatur deserunt aute laboris et dolore do amet minim. Cillum cupidatat velit dolor amet mollit consequat culpa cillum do officia ullamco consequat incididunt.
";2020-04-05T02:58:49;-58.576565;77.454946
178;1;1043.10;"http://placehold.it/32x32";26;"green";"Elliott Potter";"male";"ONTAGENE";"elliottpotter@ontagene.com";"+1 (818) 420-2256";"372 Malbone Street, Ernstville, Mississippi, 2639";"Cupidatat commodo qui excepteur veniam sint fugiat sint. Mollit ullamco magna nulla aute. Ipsum eiusmod magna quis excepteur qui ullamco consectetur excepteur voluptate aute est cupidatat.
";2018-10-05T05:51:14;19.619068;-46.777481
179;0;3080.102;"http://placehold.it/32x32";21;"brown";"Dodson Hughes";"male";"MICRONAUT";"dodsonhughes@micronaut.com";"+1 (835) 518-2329";"235 Hunts Lane, Grill, Iowa, 5253";"Et qui est aliquip amet occaecat do fugiat proident aute. Pariatur deserunt aute laboris et dolore do amet minim. Cillum cupidatat velit dolor amet mollit consequat culpa cillum do officia ullamco consequat incididunt.
";2024-07-27T04:52:50;7.073345;114.455122
180;0;1567.132;"http://placehold.it/32x32";28;"blue";"Kara Bullock";"female";"ZENTILITY";"karabullock@zentility.com";"+1 (957) 409-3768";"900 Cumberland Walk, Hemlock, Kansas, 1838";"Et qui est aliquip amet occaecat do fugiat proident aute. Pariatur deserunt aute laboris et dolore do amet minim. Cillum cupidatat velit dolor amet mollit consequat culpa cillum do officia ullamco consequat incididunt.
";2014-12-23T02:28:01;83.13498;-135.986797
181;0;1043.10;"http://placehold.it/32x32";34;"blue";"Kristie Owens";"female";"REALMO";"kristieowens@realmo.com";"+1 (976) 425-3480";"532 Cypress Avenue, Lund, Oregon, 162";"Cupidatat commodo qui excepteur veniam sint fugiat sint. Mollit ullamco magna nulla aute. Ipsum eiusmod magna quis excepteur qui ullamco consectetur excepteur voluptate aute est cupidatat.
";2017-04-27T07:20:56;12.660064;65.076853
182;0;1043.10;"http://placehold.it/32x32";20;"brown";"Ray Santos";"male";"ZILCH";"raysantos@zilch.com";"+1 (962) 594-3908";"414 Lancaster Avenue, Carbonville, Guam, 2630";"In aute officia laborum ex eiusmod. Et Lorem consectetur aliquip commodo officia. Sint enim pariatur laboris aliquip aliquip dolor.
";2014-07-29T09:11:38;32.411998;31.671361